raw_pix,perc_prot,shark_suit,tuna_suit
17,0.035123967,27.4950858,34.89486809
20,0.041322314,34.2314466,38.88549981
24,0.049586777,42.20427218,53.14681706
12,0.024793388,22.23798313,23.38650963
17,0.035123967,30.24420653,33.6528421
22,0.045454545,38.06711759,46.3528718
13,0.026859504,22.68704907,25.35934918
11,0.022727273,19.41696273,23.21860895
8,0.016528926,13.61720045,15.24289327
15,0.030991736,22.2416959,26.52469519